<?xml version="1.0" encoding="UTF-8"?>
<!DOCTYPE hibernate-configuration PUBLIC  
          "-//Hibernate/Hibernate Configuration DTD 5.3//EN"  
          "http://hibernate.org/dtd/hibernate-configuration-5.3.dtd">  	
  
<hibernate-configuration>   
    <session-factory>   
        <property name="dialect">org.hibernate.dialect.Oracle10gDialect</property>  
        <property name="connection.driver_class">oracle.jdbc.driver.OracleDriver</property> 
        <property name="connection.url">jdbc:oracle:thin:@192.168.1.160:1521:XE</property>  
        <property name="connection.username">owaiz</property>  
        <property name="connection.password">owaiz</property>  
        <property name="hibernate.current_session_context_class">thread</property>
        <property name="connection.autocommit">true</property>
        <property name="hbm2ddl.auto">update</property> 
        <property name = "show_sql">true</property> 
    <mapping resource="user.hbm.xml"/>  
    </session-factory>  
</hibernate-configuration>  