<?xml version="1.0" encoding="UTF-8"?>
<!DOCTYPE hibernate-mapping PUBLIC 
"-//Hibernate/Hibernate Mapping DTD//EN"
"http://www.hibernate.org/dtd/hibernate-mapping-3.0.dtd"> 

<hibernate-mapping>  
          <class name="com.asset.org.stocktrade.client.Customer" table="Customer">  
          <id name="id" type="int">  
          <generator class="increment"></generator>  
          </id> 
          <property name="Name" type="string"></property> 
          <property name="Gender" type="string"></property>
          <property name="Password" type="string"></property> 
          <property name="cPassword" type="string"></property> 
           <property name="dob" type="string"></property> 
           <property name="Email" type="string"></property> 
           <property name="phone" type="long"></property> 
            
          </class>  
          
</hibernate-mapping>